Info,pos_1,pos_2,pos_3,pos_4,pos_5,pos_6,pos_7,pos_8,pos_9,pos_10,pos_11,pos_12,pos_13,pos_14,pos_15,pos_16,pos_17,pos_18,pos_19,pos_20,pos_21,pos_22,pos_23,pos_24,pos_25,pos_26,pos_27,pos_28,pos_29,pos_30,pos_31,pos_32,pos_33,pos_34,pos_35,pos_36,pos_37,pos_38,pos_39,pos_40,pos_41,pos_42,pos_43,pos_44,pos_45,pos_46,pos_47,pos_48,pos_49,pos_50,pos_51,pos_52,pos_53,pos_54,pos_55,pos_56,pos_57,pos_58,pos_59,pos_60,pos_61,pos_62,pos_63,pos_64,pos_65,pos_66,pos_67,pos_68,pos_69,pos_70,pos_71,pos_72,pos_73,pos_74,pos_75,pos_76,pos_77,pos_78,pos_79,pos_80,pos_81,pos_82,pos_83,pos_84,pos_85,pos_86,pos_87,pos_88,pos_89,pos_90,pos_91,pos_92,pos_93,pos_94
Frequence,88.23529411764706,88.23529411764706,88.23529411764706,88.23529411764706,88.23529411764706,88.23529411764706,88.23529411764706,88.23529411764706,88.23529411764706,88.23529411764706,88.23529411764706,88.23529411764706,88.23529411764706,88.23529411764706,76.47058823529412,76.47058823529412,76.47058823529412,70.58823529411765,70.58823529411765,70.58823529411765,70.58823529411765,58.8235294117647,58.8235294117647,58.8235294117647,47.05882352941177,47.05882352941177,41.1764705882353,29.41176470588235,64.70588235294117,29.41176470588235,29.41176470588235,35.294117647058826,52.94117647058823,29.41176470588235,29.41176470588235,41.1764705882353,35.294117647058826,29.41176470588235,35.294117647058826,82.3529411764706,64.70588235294117,64.70588235294117,52.94117647058823,47.05882352941177,52.94117647058823,94.11764705882354,100.0,100.0,100.0,100.0,94.11764705882354,100.0,94.11764705882354,100.0,100.0,94.11764705882354,100.0,94.11764705882354,100.0,100.0,100.0,100.0,94.11764705882354,94.11764705882354,94.11764705882354,94.11764705882354,94.11764705882354,88.23529411764706,88.23529411764706,88.23529411764706,88.23529411764706,82.3529411764706,82.3529411764706,82.3529411764706,82.3529411764706,82.3529411764706,82.3529411764706,82.3529411764706,82.3529411764706,82.3529411764706,82.3529411764706,82.3529411764706,82.3529411764706,82.3529411764706,82.3529411764706,82.3529411764706,82.3529411764706,82.3529411764706,82.3529411764706,82.3529411764706,82.3529411764706,82.3529411764706,82.3529411764706,82.3529411764706
optionValue,-,-,-,-,-,-,-,-,-,-,-,-,-,-,-,-,-,-,-,-,-,-,-,-,-,-,E,G,I,-,Q,K,Q,N,N,I,E,R,E,I,E,A,Q,Q,H,L,L,Q,L,T,V,W,G,I,K,Q,L,Q,A,R,I,L,-,-,-,-,-,-,-,-,-,-,-,-,-,-,-,-,-,-,-,-,-,-,-,-,-,-,-,-,-,-,-,-
