Info,pos_1,pos_2,pos_3,pos_4,pos_5,pos_6,pos_7,pos_8,pos_9,pos_10,pos_11,pos_12,pos_13,pos_14,pos_15,pos_16,pos_17,pos_18,pos_19,pos_20,pos_21,pos_22,pos_23,pos_24,pos_25,pos_26,pos_27,pos_28,pos_29,pos_30,pos_31,pos_32,pos_33,pos_34,pos_35,pos_36,pos_37,pos_38,pos_39,pos_40,pos_41,pos_42,pos_43,pos_44,pos_45,pos_46,pos_47,pos_48,pos_49,pos_50,pos_51,pos_52,pos_53
Frequence,96.92307692307692,96.92307692307692,96.92307692307692,96.92307692307692,86.15384615384616,50.76923076923077,49.23076923076923,98.46153846153847,47.69230769230769,80.0,96.92307692307692,61.53846153846154,46.15384615384615,44.61538461538461,75.38461538461539,49.23076923076923,47.69230769230769,75.38461538461539,70.76923076923077,47.69230769230769,44.61538461538461,98.46153846153847,47.69230769230769,44.61538461538461,76.92307692307692,61.53846153846154,47.69230769230769,40.0,58.46153846153846,69.23076923076923,40.0,70.76923076923077,72.3076923076923,49.23076923076923,56.92307692307692,56.92307692307692,46.15384615384615,46.15384615384615,46.15384615384615,53.84615384615385,46.15384615384615,66.15384615384616,70.76923076923077,90.76923076923077,90.76923076923077,90.76923076923077,90.76923076923077,90.76923076923077,90.76923076923077,90.76923076923077,90.76923076923077,90.76923076923077,90.76923076923077
optionValue,-,-,-,-,-,-,-,W,E,E,W,D,R,K,I,E,E,Y,T,K,K,I,E,E,L,I,E,E,S,Q,N,Q,Q,E,K,N,-,-,-,L,-,-,-,-,-,-,-,-,-,-,-,-,-
