component,variance_ratio
component_1,0.5085723147703668
component_2,0.25614385311997767
component_3,0.1005348144937558
component_4,0.0722252212194948
component_5,0.014013369455472794
component_6,0.012627007765067335
component_7,0.01104723092974029
