component,variance_ratio
component_1,0.38068352038117953
component_2,0.14839401247463635
component_3,0.11454442373532271
component_4,0.06299421788510853
component_5,0.050116374859077537
component_6,0.042184285256467745
component_7,0.03188697372886252
component_8,0.023478094223055364
