Info,pos_1,pos_2,pos_3,pos_4,pos_5,pos_6,pos_7,pos_8,pos_9,pos_10,pos_11,pos_12,pos_13,pos_14,pos_15,pos_16,pos_17,pos_18,pos_19,pos_20,pos_21,pos_22,pos_23,pos_24,pos_25,pos_26,pos_27,pos_28,pos_29,pos_30,pos_31,pos_32,pos_33,pos_34,pos_35,pos_36,pos_37
Frequence,96.42857142857143,100.0,42.857142857142854,92.85714285714286,96.42857142857143,85.71428571428571,57.142857142857146,46.42857142857143,89.28571428571429,46.42857142857143,46.42857142857143,89.28571428571429,89.28571428571429,46.42857142857143,42.857142857142854,100.0,42.857142857142854,42.857142857142854,89.28571428571429,85.71428571428571,60.714285714285715,53.57142857142857,82.14285714285714,82.14285714285714,60.714285714285715,82.14285714285714,92.85714285714286,60.714285714285715,71.42857142857143,67.85714285714286,57.142857142857146,42.857142857142854,57.142857142857146,67.85714285714286,32.142857142857146,57.142857142857146,64.28571428571429
optionValue,-,W,E,E,W,D,R,E,I,E,N,Y,T,K,K,I,H,E,L,I,E,E,S,Q,N,Q,Q,E,K,N,E,Q,E,L,-,-,-
