Info,pos_1,pos_2,pos_3,pos_4,pos_5,pos_6,pos_7,pos_8,pos_9,pos_10,pos_11,pos_12,pos_13,pos_14,pos_15,pos_16,pos_17,pos_18,pos_19,pos_20,pos_21,pos_22,pos_23,pos_24,pos_25,pos_26,pos_27,pos_28,pos_29,pos_30,pos_31,pos_32,pos_33,pos_34,pos_35,pos_36,pos_37,pos_38,pos_39
Frequence,75.86206896551724,79.3103448275862,93.10344827586206,100.0,62.06896551724138,79.3103448275862,100.0,48.275862068965516,58.62068965517241,55.172413793103445,68.96551724137932,62.06896551724138,62.06896551724138,68.96551724137932,58.62068965517241,58.62068965517241,58.62068965517241,100.0,65.51724137931035,58.62068965517241,68.96551724137932,51.724137931034484,51.724137931034484,34.48275862068966,41.37931034482759,48.275862068965516,44.827586206896555,51.724137931034484,55.172413793103445,48.275862068965516,48.275862068965516,48.275862068965516,65.51724137931035,65.51724137931035,65.51724137931035,65.51724137931035,65.51724137931035,86.20689655172414,89.65517241379311
optionValue,-,M,T,W,E,E,W,D,K,K,I,E,E,Y,T,K,K,I,E,E,L,L,K,-,S,Q,-,Q,Q,-,-,-,-,-,-,-,-,-,-
