component,variance_ratio
component_1,0.5085723147703668
component_2,0.25614385311997767
component_3,0.1005348144937558
